,training_time,test_time,n_train,n_test,score,feat_vect_length,error,error_msg,color_space,orient,pix_per_cell,cell_per_block,hog_channel,spatial_size,hist_bins,spatial_feat,hist_feat,hog_feat
0,0.8721010684967041,0.011154890060424805,1624,697,0.977905308465,3696,False,,YUV,9,8,3,1,"(16, 16)",4,True,True,True
1,0.7157847881317139,0.011017084121704102,1624,697,0.984218077475,3732,False,,YUV,9,8,3,1,"(16, 16)",16,True,True,True
2,0.6945803165435791,0.01175999641418457,1624,697,0.987087517934,3780,False,,YUV,9,8,3,1,"(16, 16)",32,True,True,True
3,0.42369842529296875,0.011315107345581055,1624,697,0.990530846485,3876,False,,YUV,9,8,3,1,"(16, 16)",64,True,True,True
4,0.4701697826385498,0.010964155197143555,1624,697,0.991678622669,3972,False,,YUV,9,8,3,1,"(16, 16)",96,True,True,True
5,0.3308854103088379,0.011219263076782227,1624,697,0.992539454806,4068,False,,YUV,9,8,3,1,"(16, 16)",128,True,True,True
6,0.31749653816223145,0.01114797592163086,1624,697,0.995408895265,4452,False,,YUV,9,8,3,1,"(16, 16)",256,True,True,True
7,0.3299856185913086,0.013567686080932617,1624,697,0.995408895265,4584,False,,YUV,9,8,3,1,"(16, 16)",300,True,True,True
